1697200250653356260,310a
1697200250757057300,320a
1697200250859897170,330a
1697200250962261090,340a
1697200251064695000,350a
1697200251168091510,360a
1697200251271444340,370a
1697200251374406100,380a
1697200251477638680,390a
1697200251580819190,31300a
1697200251683428310,31310a
1697200251787328810,31320a
1697200251891512310,31330a
1697200251994385720,31340a
1697200252097053910,31350a
1697200252199524150,31360a
1697200252302282340,31370a
1697200252405675800,31380a
1697200252508238820,31390a
1697200252610708950,32300a
1697200252713322070,32310a
1697200252816593000,32320a
1697200252919067860,32330a
1697200253021572340,32340a
1697200253124071330,32350a
1697200253226679380,32360a
1697200253329247540,32370a
1697200253432492600,32380a
1697200253535617510,32390a
1697200253638676980,33300a
1697200253741803930,33310a
1697200253844353700,33320a
1697200253946921210,33330a
1697200254049375770,33340a
1697200254151923320,33350a
1697200254254430790,33360a
1697200254356889890,33370a
1697200254460208340,33380a
1697200254562845800,33390a
1697200254665347750,34300a
1697200254767807720,34310a
1697200254870376150,34320a
1697200254973681570,34330a
1697200255076900360,34340a
1697200255179477250,34350a
1697200255281922850,34360a
1697200255384436440,34370a
1697200255486960580,34380a
1697200255589604520,34390a
1697200255693098150,35300a
1697200255796340760,35310a
1697200255898754660,35320a
1697200256002043510,35330a
1697200256104601210,35340a
1697200256207277620,35350a
1697200256309908040,35360a
1697200256412481190,35370a
1697200256515100230,35380a
1697200256617604150,35390a
1697200256720764010,36300a
1697200256823484200,36310a
1697200256926101570,36320a
1697200257028650130,36330a
1697200257131244210,36340a
1697200257233719640,36350a
1697200257336168040,36360a
1697200257439429890,36370a
1697200257542161690,36380a
1697200257644725850,36390a
1697200257747239210,37300a
1697200257849805510,37310a
1697200257952407460,37320a
1697200258054847830,37330a
1697200258157286760,37340a
1697200258259699060,37350a
1697200258362266180,37360a
1697200258464789400,37370a
1697200258568132970,37380a
1697200258670827530,37390a
1697200258773335540,38300a
1697200258876652340,38310a
1697200258979305220,38320a
1697200259081922390,38330a
1697200259185214970,38340a
1697200259288326890,38350a
1697200259390797690,38360a
1697200259494001210,38370a
1697200259597275320,38380a
1697200259699843780,38390a
1697200259802318770,39300a
1697200259904801160,39310a
1697200260007960250,39320a
1697200260110476920,39330a
1697200260212997240,39340a
1697200260316331560,39350a
1697200260418985770,39360a
1697200260521514410,39370a
1697200260624037800,39380a
1697200260728133000,39390a
1697200260830663690,3130300a
1697200260933354100,3130310a
1697200261035873330,3130320a
1697200261138529860,3130330a
1697200261241770120,3130340a
1697200261345081080,3130350a
1697200261447677330,3130360a
1697200261550368150,3130370a
1697200261652981140,3130380a
1697200261756351000,3130390a
1697200261859660870,3131300a
1697200261962206340,3131310a
1697200262064781190,3131320a
1697200262167349590,3131330a
1697200262271285690,3131340a
1697200262375445460,3131350a
1697200262479512280,3131360a
1697200262582134890,3131370a
1697200262684696280,3131380a
1697200262787212610,3131390a
1697200262889823850,3132300a
1697200262994510340,3132310a
1697200263098670840,3132320a
1697200263201436370,3132330a
1697200263303957620,3132340a
1697200263406559720,3132350a
1697200263509919930,3132360a
1697200263613094820,3132370a
1697200263715638370,3132380a
1697200263818174740,3132390a
1697200263920794210,3133300a
1697200264023404230,3133310a
1697200264126106210,3133320a
1697200264229284570,3133330a
1697200264331987800,3133340a
1697200264434623370,3133350a
1697200264537217530,3133360a
1697200264639773290,3133370a
1697200264742410980,3133380a
1697200264845770040,3133390a
1697200264948324740,3134300a
1697200265050876130,3134310a
1697200265154161890,3134320a
1697200265256743770,3134330a
1697200265359417330,3134340a
1697200265462336150,3134350a
1697200265566362870,3134360a
1697200265669083160,3134370a
1697200265772397610,3134380a
1697200265876525220,3134390a
1697200265979007590,3135300a
1697200266082114260,3135310a
1697200266185400470,3135320a
1697200266287954610,3135330a
1697200266391926970,3135340a
1697200266494742630,3135350a
1697200266598109350,3135360a
1697200266702799290,3135370a
1697200266806843170,3135380a
1697200266911403810,3135390a
1697200267015570690,3136300a
1697200267119710050,3136310a
1697200267222365060,3136320a
1697200267325855300,3136330a
1697200267430572390,3136340a
1697200267533264170,3136350a
1697200267636565460,3136360a
1697200267740587010,3136370a
1697200267843159620,3136380a
1697200267947137990,3136390a
1697200268050053090,3137300a
1697200268152684840,3137310a
1697200268255243400,3137320a
1697200268357821090,3137330a
1697200268460480550,3137340a
1697200268563060440,3137350a
1697200268665606250,3137360a
1697200268768250950,3137370a
1697200268870740840,3137380a
1697200268973349160,3137390a
1697200269075858840,3138300a
1697200269178469050,3138310a
1697200269282423220,3138320a
1697200269385142930,3138330a
1697200269488499620,3138340a
1697200269591748230,3138350a
1697200269694218850,3138360a
1697200269796888200,3138370a
1697200269899363490,3138380a
1697200270001879590,3138390a
1697200270105099080,3139300a
1697200270208415000,3139310a
1697200270310925080,3139320a
1697200270413466310,3139330a
1697200270516094390,3139340a
1697200270618557960,3139350a
1697200270721120870,3139360a
1697200270823750150,3139370a
1697200270926287080,3139380a
1697200271029613380,3139390a
1697200271134344410,3230300a
1697200271236952600,3230310a
1697200271339491570,3230320a
1697200271442154760,3230330a
1697200271544738920,3230340a
1697200271647327320,3230350a
1697200271749926180,3230360a
1697200271853269960,3230370a
1697200271956591770,3230380a
1697200272059090070,3230390a
1697200272161562950,3231300a
1697200272264191670,3231310a
1697200272366721170,3231320a
1697200272469283050,3231330a
1697200272571777990,3231340a
1697200272674267140,3231350a
1697200272776824390,3231360a
1697200272879416850,3231370a
1697200272981926570,3231380a
1697200273084418200,3231390a
1697200273187730520,3232300a
1697200273290371700,3232310a
1697200273392899690,3232320a
1697200273495493480,3232330a
1697200273598017350,3232340a
1697200273700627290,3232350a
1697200273803263030,3232360a
1697200273905721330,3232370a
1697200274008331350,3232380a
1697200274110790710,3232390a
1697200274214051010,3233300a
1697200274316724470,3233310a
1697200274419379560,3233320a
1697200274521854770,3233330a
1697200274624444050,3233340a
1697200274728406100,3233350a
1697200274831594200,3233360a
1697200274934245170,3233370a
1697200275036786900,3233380a
1697200275139410290,3233390a
1697200275242220530,3234300a
1697200275344773860,3234310a
1697200275447280290,3234320a
1697200275550125830,3234330a
1697200275653250230,3234340a
1697200275756444170,3234350a
1697200275859040520,3234360a
1697200275962114440,3234370a
1697200276064970980,3234380a
1697200276167540660,3234390a
1697200276270056500,3235300a
1697200276372898580,3235310a
1697200276476143990,3235320a
1697200276578788290,3235330a
1697200276681439670,3235340a
1697200276784091720,3235350a
1697200276886743460,3235360a
1697200276989325010,3235370a
1697200277092618130,3235380a
1697200277195857530,3235390a
1697200277298431450,3236300a
1697200277401001930,3236310a
1697200277503658210,3236320a
1697200277606882930,3236330a
1697200277710080040,3236340a
1697200277812765800,3236350a
1697200277915434710,3236360a
1697200278018065380,3236370a
1697200278120650900,3236380a
1697200278223264760,3236390a
1697200278325933720,3237300a
1697200278429038950,3237310a
1697200278531599510,3237320a
1697200278634304410,3237330a
1697200278739117620,3237340a
1697200278841836230,3237350a
1697200278944795860,3237360a
1697200279047440370,3237370a
1697200279151384290,3237380a
1697200279254126040,3237390a
1697200279356687010,3238300a
1697200279459842230,3238310a
1697200279563902810,3238320a
1697200279666579450,3238330a
1697200279770540580,3238340a
1697200279873293410,3238350a
1697200279975828100,3238360a
1697200280078403460,3238370a
1697200280181138930,3238380a
1697200280283733250,3238390a
1697200280386285860,3239300a
1697200280488854170,3239310a
1697200280591392710,3239320a
1697200280694031080,3239330a
1697200280797492930,3239340a
1697200280900696040,3239350a
1697200281003998280,3239360a
1697200281106672250,3239370a
1697200281209347460,3239380a
1697200281311908950,3239390a
1697200281414418360,3330300a
1697200281517711730,3330310a
1697200281620303650,3330320a
1697200281723018680,3330330a
1697200281825615570,3330340a
1697200281928252170,3330350a
1697200282030832840,3330360a
1697200282134882370,3330370a
1697200282237531560,3330380a
1697200282340209000,3330390a
1697200282442561110,3331300a
1697200282544883730,3331310a
1697200282647043800,3331320a
1697200282749512680,3331330a
1697200282852088740,3331340a
1697200282954293450,3331350a
1697200283056471290,3331360a
1697200283158806530,3331370a
1697200283261106900,3331380a
1697200283363246070,3331390a
1697200283465436520,3332300a
1697200283568346090,3332310a
1697200283670543030,3332320a
1697200283772841770,3332330a
1697200283875139050,3332340a
1697200283977560260,3332350a
1697200284080710690,3332360a
1697200284183377290,3332370a
1697200284285903060,3332380a
1697200284388499190,3332390a
1697200284490964980,3333300a
1697200284593509450,3333310a
1697200284696840660,3333320a
1697200284799581640,3333330a
1697200284904364840,3333340a
1697200285007039540,3333350a
1697200285109599780,3333360a
1697200285212198170,3333370a
1697200285315405800,3333380a
1697200285418257720,3333390a
1697200285521517270,3334300a
1697200285624168150,3334310a
1697200285726680520,3334320a
1697200285829211610,3334330a
1697200285931697430,3334340a
1697200286034297490,3334350a
1697200286136861090,3334360a
1697200286239379030,3334370a
1697200286342117510,3334380a
1697200286444737370,3334390a
1697200286547313880,3335300a
1697200286650014730,3335310a
1697200286753337450,3335320a
1697200286856097450,3335330a
1697200286958646690,3335340a
1697200287061295510,3335350a
1697200287164906490,3335360a
1697200287268032630,3335370a
1697200287370600370,3335380a
1697200287474608070,3335390a
1697200287577454760,3336300a
1697200287680031700,3336310a
1697200287782550850,3336320a
1697200287885190290,3336330a
1697200287987815250,3336340a
1697200288090390450,3336350a
1697200288192947930,3336360a
1697200288295570710,3336370a
1697200288398649730,3336380a
1697200288501002020,3336390a
1697200288603246610,3337300a
1697200288707063050,3337310a
1697200288809653460,3337320a
1697200288912155510,3337330a
1697200289014529160,3337340a
1697200289116902120,3337350a
1697200289219253480,3337360a
1697200289321611300,3337370a
1697200289424175480,3337380a
1697200289526786440,3337390a
1697200289629329060,3338300a
1697200289731903700,3338310a
1697200289835188770,3338320a
1697200289937786090,3338330a
1697200290041010100,3338340a
1697200290143615270,3338350a
1697200290246240900,3338360a
1697200290348721460,3338370a
1697200290451185400,3338380a
1697200290555098450,3338390a
1697200290658272280,3339300a
1697200290760895290,3339310a
1697200290864140500,3339320a
1697200290966751130,3339330a
1697200291069355590,3339340a
1697200291171904570,3339350a
1697200291275238290,3339360a
1697200291379220040,3339370a
1697200291483364710,3339380a
1697200291586266280,3339390a
1697200291688770580,3430300a
1697200291792248520,3430310a
1697200291894752280,3430320a
1697200291997365650,3430330a
1697200292100632290,3430340a
1697200292203171620,3430350a
1697200292305779780,3430360a
1697200292408904470,3430370a
1697200292511539850,3430380a
1697200292614048130,3430390a
1697200292716799990,3431300a
1697200292819341560,3431310a
1697200292921950500,3431320a
1697200293024523330,3431330a
1697200293127152950,3431340a
1697200293229779590,3431350a
1697200293332377690,3431360a
1697200293435021080,3431370a
1697200293537667290,3431380a
1697200293640430280,3431390a
1697200293743071370,3432300a
1697200293847213000,3432310a
1697200293949887270,3432320a
1697200294052452950,3432330a
1697200294156303530,3432340a
1697200294258939320,3432350a
1697200294361466630,3432360a
1697200294464609650,3432370a
1697200294566860790,3432380a
1697200294669300650,3432390a
1697200294772487970,3433300a
1697200294874928810,3433310a
1697200294977546730,3433320a
1697200295080132170,3433330a
1697200295182553380,3433340a
1697200295284959480,3433350a
1697200295387442390,3433360a
1697200295491502930,3433370a
1697200295594249670,3433380a
1697200295696748820,3433390a
1697200295800111090,3434300a
1697200295902616340,3434310a
1697200296005262730,3434320a
1697200296107867220,3434330a
1697200296210310420,3434340a
1697200296312790210,3434350a
1697200296415355860,3434360a
1697200296518281510,3434370a
1697200296621467130,3434380a
1697200296724599010,3434390a
1697200296827246310,3435300a
1697200296931122410,3435310a
1697200297033573510,3435320a
1697200297136359480,3435330a
1697200297239036550,3435340a
1697200297341880660,3435350a
1697200297444433640,3435360a
1697200297547003590,3435370a
1697200297649529130,3435380a
1697200297752096610,3435390a
1697200297854608660,3436300a
1697200297957064630,3436310a
1697200298060298410,3436320a
1697200298162908100,3436330a
1697200298265380050,3436340a
1697200298368544570,3436350a
1697200298471666390,3436360a
1697200298574318020,3436370a
1697200298676959460,3436380a
1697200298779639370,3436390a
1697200298882227970,3437300a
1697200298985401410,3437310a
1697200299088626420,3437320a
1697200299191203380,3437330a
1697200299293694680,3437340a
1697200299396293060,3437350a
1697200299498901090,3437360a
1697200299603502850,3437370a
1697200299706263990,3437380a
1697200299808879610,3437390a
1697200299911506500,3438300a
1697200300014042360,3438310a
1697200300116634580,3438320a
1697200300220558370,3438330a
1697200300323025240,3438340a
1697200300425527940,3438350a
1697200300528049850,3438360a
1697200300630581700,3438370a
1697200300734584550,3438380a
1697200300837182550,3438390a
1697200300939706370,3439300a
1697200301042273210,3439310a
1697200301144767730,3439320a
1697200301248010770,3439330a
1697200301350523330,3439340a
1697200301453013410,3439350a
1697200301556285730,3439360a
1697200301658763880,3439370a
1697200301761342370,3439380a
1697200301863800740,3439390a
1697200301966392210,3530300a
1697200302068992280,3530310a
1697200302171566370,3530320a
1697200302275555590,3530330a
1697200302378227690,3530340a
1697200302480697330,3530350a
1697200302583334050,3530360a
1697200302686410600,3530370a
1697200302789203290,3530380a
1697200302892529590,3530390a
1697200302995153540,3531300a
1697200303097790500,3531310a
1697200303200371300,3531320a
1697200303302962650,3531330a
1697200303405589060,3531340a
1697200303508155290,3531350a
1697200303610724630,3531360a
1697200303714032410,3531370a
1697200303818025240,3531380a
1697200303920862740,3531390a
1697200304023518180,3532300a
1697200304126761880,3532310a
1697200304229313670,3532320a
1697200304331912530,3532330a
1697200304434469320,3532340a
1697200304536967350,3532350a
1697200304639530470,3532360a
1697200304743671190,3532370a
1697200304847022740,3532380a
1697200304950199240,3532390a
1697200305053490200,3533300a
1697200305156067450,3533310a
1697200305258641910,3533320a
1697200305361947620,3533330a
1697200305464638250,3533340a
1697200305567365300,3533350a
1697200305670157030,3533360a
1697200305773051330,3533370a
1697200305876566920,3533380a
1697200305979106680,3533390a
1697200306083131000,3534300a
1697200306186338610,3534310a
1697200306288837750,3534320a
1697200306391988100,3534330a
1697200306494449860,3534340a
1697200306597477720,3534350a
1697200306699926410,3534360a
1697200306802309880,3534370a
1697200306905491910,3534380a
1697200307007888070,3534390a
1697200307110299620,3535300a
1697200307213298440,3535310a
1697200307315853700,3535320a
1697200307418220010,3535330a
1697200307521294740,3535340a
1697200307623842180,3535350a
1697200307726169190,3535360a
1697200307829208740,3535370a
1697200307931782690,3535380a
1697200308035619620,3535390a
1697200308138143560,3536300a
1697200308241042870,3536310a
1697200308344006070,3536320a
1697200308447952790,3536330a
1697200308551059330,3536340a
1697200308655184440,3536350a
1697200308759163720,3536360a
1697200308863079830,3536370a
1697200308966984130,3536380a
1697200309070946470,3536390a
1697200309175525590,3537300a
1697200309280071330,3537310a
1697200309383898630,3537320a
1697200309486550600,3537330a
1697200309590638470,3537340a
1697200309694754200,3537350a
1697200309799434810,3537360a
1697200309903599330,3537370a
1697200310006274500,3537380a
1697200310109676150,3537390a
1697200310212398810,3538300a
1697200310315030840,3538310a
1697200310419693320,3538320a
1697200310522469060,3538330a
1697200310625140820,3538340a
1697200310727794230,3538350a
1697200310830453890,3538360a
1697200310935170570,3538370a
1697200311037984550,3538380a
1697200311141216470,3538390a
1697200311244943930,3539300a
1697200311347608810,3539310a
1697200311451603450,3539320a
1697200311554343860,3539330a
1697200311658466420,3539340a
1697200311762658500,3539350a
1697200311866815590,3539360a
1697200311970800630,3539370a
1697200312074950520,3539380a
1697200312177712210,3539390a
1697200312281089250,3630300a
1697200312383588760,3630310a
1697200312486209010,3630320a
1697200312589531000,3630330a
1697200312692329380,3630340a
1697200312796362970,3630350a
1697200312898918360,3630360a
1697200313003505270,3630370a
1697200313107550500,3630380a
1697200313211757810,3630390a
1697200313314528390,3631300a
1697200313419120310,3631310a
1697200313521821510,3631320a
1697200313624357640,3631330a
1697200313726832660,3631340a
1697200313829511650,3631350a
1697200313933013210,3631360a
1697200314035614170,3631370a
1697200314138749250,3631380a
1697200314241237410,3631390a
1697200314344697090,3632300a
1697200314447176250,3632310a
1697200314549973330,3632320a
1697200314652478740,3632330a
1697200314755224580,3632340a
1697200314859553130,3632350a
1697200314964155700,3632360a
1697200315066728930,3632370a
1697200315171461290,3632380a
1697200315274245210,3632390a
1697200315376776600,3633300a
1697200315479427530,3633310a
1697200315583737890,3633320a
1697200315687819880,3633330a
1697200315790447130,3633340a
1697200315893114810,3633350a
1697200315996780410,3633360a
1697200316099365240,3633370a
1697200316202083460,3633380a
1697200316304716870,3633390a
1697200316407206200,3634300a
1697200316509928280,3634310a
1697200316612453930,3634320a
1697200316715575270,3634330a
1697200316819615670,3634340a
1697200316923739990,3634350a
1697200317026445210,3634360a
1697200317131218630,3634370a
1697200317233977510,3634380a
1697200317336535570,3634390a
1697200317439185570,3635300a
1697200317541843460,3635310a
1697200317645104260,3635320a
1697200317747821000,3635330a
1697200317850384360,3635340a
1697200317952897700,3635350a
1697200318055504630,3635360a
1697200318158016790,3635370a
1697200318260684260,3635380a
1697200318363273170,3635390a
1697200318465951190,3636300a
1697200318568509350,3636310a
1697200318671030250,3636320a
1697200318773504870,3636330a
1697200318876063450,3636340a
1697200318978600920,3636350a
1697200319083218050,3636360a
1697200319185870600,3636370a
1697200319288428680,3636380a
1697200319390986090,3636390a
1697200319493519570,3637300a
1697200319596083780,3637310a
1697200319698792450,3637320a
1697200319803512820,3637330a
1697200319906154760,3637340a
1697200320010829060,3637350a
1697200320113588420,3637360a
1697200320216283250,3637370a
1697200320320165560,3637380a
1697200320422689130,3637390a
1697200320525339010,3638300a
1697200320628552490,3638310a
1697200320731138020,3638320a
1697200320833660850,3638330a
1697200320937244150,3638340a
1697200321039933930,3638350a
1697200321142482440,3638360a
1697200321245040090,3638370a
1697200321347603450,3638380a
1697200321450145430,3638390a
1697200321552774290,3639300a
1697200321655350870,3639310a
1697200321759342950,3639320a
1697200321863674550,3639330a
1697200321967050170,3639340a
1697200322069567990,3639350a
1697200322172268610,3639360a
1697200322274722870,3639370a
1697200322377844740,3639380a
1697200322480887130,3639390a
1697200322583392850,3730300a
1697200322687465010,3730310a
1697200322790155700,3730320a
1697200322892757650,3730330a
1697200322995456530,3730340a
1697200323098151090,3730350a
1697200323202775800,3730360a
1697200323305789960,3730370a
1697200323408210900,3730380a
1697200323510470260,3730390a
1697200323614932330,3731300a
1697200323718692890,3731310a
1697200323821059960,3731320a
1697200323923432850,3731330a
1697200324027320900,3731340a
1697200324129614070,3731350a
1697200324231933890,3731360a
1697200324334377850,3731370a
1697200324437236770,3731380a
1697200324539556210,3731390a
1697200324641733400,3732300a
1697200324743874420,3732310a
1697200324846009290,3732320a
1697200324948333330,3732330a
1697200325050502170,3732340a
1697200325152690930,3732350a
1697200325254855060,3732360a
1697200325359139000,3732370a
1697200325461505700,3732380a
1697200325563802050,3732390a
1697200325666129690,3733300a
1697200325768771300,3733310a
1697200325872287620,3733320a
1697200325975944310,3733330a
1697200326079522730,3733340a
1697200326181756470,3733350a
1697200326283811160,3733360a
1697200326386063990,3733370a
1697200326490407990,3733380a
1697200326593313540,3733390a
1697200326696434180,3734300a
1697200326800091380,3734310a
1697200326902500340,3734320a
1697200327005605060,3734330a
1697200327108067350,3734340a
1697200327210535410,3734350a
1697200327312909170,3734360a
1697200327415386530,3734370a
1697200327517862050,3734380a
1697200327620363130,3734390a
1697200327722655300,3735300a
1697200327825168120,3735310a
1697200327927721880,3735320a
1697200328030024290,3735330a
1697200328134586070,3735340a
1697200328237082230,3735350a
1697200328339433700,3735360a
1697200328443280070,3735370a
1697200328546009610,3735380a
1697200328649232870,3735390a
1697200328751733800,3736300a
1697200328854832610,3736310a
1697200328957256730,3736320a
1697200329060336370,3736330a
1697200329163494760,3736340a
1697200329266095430,3736350a
1697200329369387570,3736360a
1697200329471899610,3736370a
1697200329574536040,3736380a
1697200329677663960,3736390a
1697200329780983850,3737300a
1697200329883702980,3737310a
1697200329986372810,3737320a
1697200330089646710,3737330a
1697200330192277960,3737340a
1697200330294885700,3737350a
1697200330399404010,3737360a
1697200330502056070,3737370a
1697200330604740680,3737380a
1697200330707284260,3737390a
1697200330811240280,3738300a
1697200330913966820,3738310a
1697200331016656280,3738320a
1697200331119260100,3738330a
1697200331221787320,3738340a
1697200331324413730,3738350a
1697200331426994280,3738360a
1697200331529461970,3738370a
1697200331632049060,3738380a
1697200331734600120,3738390a
1697200331838502150,3739300a
1697200331941138330,3739310a
1697200332044360040,3739320a
1697200332147375480,3739330a
1697200332250216450,3739340a
1697200332352759050,3739350a
1697200332455412690,3739360a
1697200332557999700,3739370a
1697200332661193700,3739380a
1697200332764410370,3739390a
1697200332866965430,3830300a
1697200332971436230,3830310a
1697200333074089810,3830320a
1697200333176702260,3830330a
1697200333279366410,3830340a
1697200333383354230,3830350a
1697200333487435670,3830360a
1697200333591597370,3830370a
1697200333695708930,3830380a
1697200333799838710,3830390a
1697200333903158950,3831300a
1697200334007107350,3831310a
1697200334109713780,3831320a
1697200334212804340,3831330a
1697200334315304580,3831340a
1697200334419324530,3831350a
1697200334522023050,3831360a
1697200334626016440,3831370a
1697200334728788280,3831380a
1697200334831418950,3831390a
1697200334934023830,3832300a
1697200335036564660,3832310a
1697200335139113010,3832320a
1697200335241696410,3832330a
1697200335344298790,3832340a
1697200335446930600,3832350a
1697200335549895090,3832360a
1697200335652432290,3832370a
1697200335756200370,3832380a
1697200335860058180,3832390a
1697200335962639620,3833300a
1697200336065288920,3833310a
1697200336168025370,3833320a
1697200336270643810,3833330a
1697200336373274180,3833340a
1697200336475958410,3833350a
1697200336578478410,3833360a
1697200336681121810,3833370a
1697200336783631620,3833380a
1697200336886460050,3833390a
1697200336989001810,3834300a
1697200337092397270,3834310a
1697200337196046660,3834320a
1697200337300074680,3834330a
1697200337404104250,3834340a
1697200337508174100,3834350a
1697200337610708260,3834360a
1697200337713805650,3834370a
1697200337816713050,3834380a
1697200337920322600,3834390a
1697200338023613890,3835300a
1697200338127642040,3835310a
1697200338232302280,3835320a
1697200338336025530,3835330a
1697200338438560870,3835340a
1697200338541813960,3835350a
1697200338644384210,3835360a
1697200338747053640,3835370a
1697200338849630730,3835380a
1697200338952135080,3835390a
1697200339054824600,3836300a
1697200339159318330,3836310a
1697200339262349730,3836320a
1697200339365052900,3836330a
1697200339468629080,3836340a
1697200339571118200,3836350a
1697200339675320500,3836360a
1697200339777914210,3836370a
1697200339880757060,3836380a
1697200339983378970,3836390a
1697200340087367930,3837300a
1697200340190113530,3837310a
1697200340293084610,3837320a
1697200340396426790,3837330a
1697200340500206280,3837340a
1697200340604177830,3837350a
1697200340708185510,3837360a
1697200340810863800,3837370a
1697200340915480580,3837380a
1697200341019567480,3837390a
1697200341122282010,3838300a
1697200341226939030,3838310a
1697200341330017350,3838320a
1697200341434724500,3838330a
1697200341537452450,3838340a
1697200341640036580,3838350a
1697200341743906170,3838360a
1697200341846415030,3838370a
1697200341949634420,3838380a
1697200342052275410,3838390a
1697200342154919190,3839300a
1697200342257441250,3839310a
1697200342361046200,3839320a
1697200342464531860,3839330a
1697200342567819480,3839340a
1697200342670425300,3839350a
1697200342772998630,3839360a
1697200342875588890,3839370a
1697200342978246890,3839380a
1697200343082828600,3839390a
1697200343185501640,3930300a
1697200343289077990,3930310a
1697200343391651690,3930320a
1697200343495681650,3930330a
1697200343598326730,3930340a
1697200343701145860,3930350a
1697200343804439780,3930360a
1697200343908226650,3930370a
1697200344012045610,3930380a
1697200344115906530,3930390a
1697200344219761490,3931300a
1697200344323903780,3931310a
1697200344427916870,3931320a
1697200344531795890,3931330a
1697200344634385560,3931340a
1697200344738482840,3931350a
1697200344842602290,3931360a
1697200344946730770,3931370a
1697200345050932200,3931380a
1697200345155490360,3931390a
1697200345259591650,3932300a
1697200345363827590,3932310a
1697200345466435960,3932320a
1697200345568952740,3932330a
1697200345672485380,3932340a
1697200345776214730,3932350a
1697200345878824330,3932360a
1697200345983169510,3932370a
1697200346087619690,3932380a
1697200346190226420,3932390a
1697200346292868740,3933300a
1697200346395371190,3933310a
1697200346499262920,3933320a
1697200346603317890,3933330a
1697200346707493530,3933340a
1697200346810147970,3933350a
1697200346913293460,3933360a
1697200347016714120,3933370a
1697200347119883590,3933380a
1697200347223838500,3933390a
1697200347326470970,3934300a
1697200347430426330,3934310a
1697200347532994470,3934320a
1697200347636338690,3934330a
1697200347738952230,3934340a
1697200347842826710,3934350a
1697200347946969220,3934360a
1697200348050988330,3934370a
1697200348155348450,3934380a
1697200348259368450,3934390a
1697200348363799830,3935300a
1697200348466992630,3935310a
1697200348570875670,3935320a
1697200348674130310,3935330a
1697200348778832810,3935340a
1697200348882902500,3935350a
1697200348987417410,3935360a
1697200349092292490,3935370a
1697200349194872250,3935380a
1697200349298204570,3935390a
1697200349400783860,3936300a
1697200349503453030,3936310a
1697200349605976810,3936320a
1697200349708643700,3936330a
1697200349811246310,3936340a
1697200349914215250,3936350a
1697200350017405690,3936360a
1697200350120774710,3936370a
1697200350223302820,3936380a
1697200350325853090,3936390a
1697200350428972730,3937300a
1697200350532368920,3937310a
1697200350636282090,3937320a
1697200350738854930,3937330a
1697200350843404330,3937340a
1697200350947453290,3937350a
1697200351050191430,3937360a
1697200351152687250,3937370a
1697200351255277140,3937380a
1697200351357745430,3937390a
1697200351462390260,3938300a
1697200351567045480,3938310a
1697200351669572850,3938320a
1697200351772060210,3938330a
1697200351874390630,3938340a
1697200351976961730,3938350a
1697200352079534550,3938360a
1697200352183615000,3938370a
1697200352286900310,3938380a
1697200352391517590,3938390a
1697200352495712040,3939300a
1697200352598449730,3939310a
1697200352702421730,3939320a
1697200352806619780,3939330a
1697200352910716310,3939340a
1697200353014881160,3939350a
1697200353119129570,3939360a
1697200353222109990,3939370a
1697200353324929110,3939380a
1697200353428442020,3939390a
1697200353532217240,313030300a
